1,Gopher,gopher@goolge.com,undefined,active
2,Rob Pike,go.pike@google.com,male,inactive
3,Robert Griesemer,go.griesemer@google.com,male,active
4,Ken Thompson,go.thompson@google.com,male,inactive
400,Arnesh Ahluwalia,ahluwalia_arnesh@nicolas.co,female,inactive
401,Deven Pandey,deven_pandey@rohan.io,female,active
402,Meena Kaul,meena_kaul@wuckert.com,male,inactive
403,Kamlesh Chaturvedi,kamlesh_chaturvedi@goldner-mcglynn.info,male,active
404,Chandrabhaga Nehru,chandrabhaga_nehru@ankunding.co,male,inactive
405,Prasad Gandhi,prasad_gandhi@gutkowski.name,female,active
406,Charuchandra Achari,charuchandra_achari@christiansen.org,male,inactive
407,Ekalavya Patel,patel_ekalavya@spencer.io,female,inactive
408,Msgr. Ganesh Patel,msgr_ganesh_patel@oconnell.com,female,active
409,Sen. Sucheta Ahuja,sucheta_sen_ahuja@bauch-okuneva.net,male,inactive
410,Lila Bharadwaj VM,bharadwaj_vm_lila@dibbert.org,male,inactive
411,Ms. Bhagavaan Varma,varma_bhagavaan_ms@schulist.name,female,active
412,Mr. Dayaanidhi Gupta,mr_dayaanidhi_gupta@mohr.co,female,inactive
413,Urmila Mahajan,mahajan_urmila@senger.net,male,inactive
414,Dhruv Panicker,panicker_dhruv@klocko.co,female,inactive
415,Abani Pothuvaal,pothuvaal_abani@tremblay-kohler.name,female,inactive
416,Girja Singh,girja_singh@walsh.com,female,active
417,Amb. Uma Ganaka,amb_ganaka_uma@erdman-dickens.org,male,active
418,Mohan Kaul,mohan_kaul@toy-adams.info,female,inactive
419,Rep. Kamalesh Desai,desai_rep_kamalesh@schmidt.org,female,inactive
420,Lai Gill LLD,gill_lai_lld@white.org,male,active
421,Adinath Chattopadhyay Esq.,adinath_esq_chattopadhyay@bailey-crona.name,male,active
422,Devadatt Nair,devadatt_nair@zemlak.info,male,active
423,Bilva Kocchar,kocchar_bilva@heaney.io,female,inactive
424,Susheel Guneta,susheel_guneta@monahan-streich.info,female,active
425,Suma Khanna,suma_khanna@schamberger-wisozk.biz,female,active
426,Vinay Guneta,guneta_vinay@powlowski.io,female,inactive
427,Ananda Khatri,khatri_ananda@kshlerin-lebsack.io,male,inactive
428,Subodh Reddy,reddy_subodh@jakubowski.com,female,inactive
429,Gov. Esha Nair,esha_nair_gov@bernhard.com,male,inactive
430,Gita Rana,gita_rana@erdman.biz,male,inactive
431,Ankal Kocchar I,i_kocchar_ankal@reichert-fahey.io,male,inactive
432,Acaryatanaya Tandon,tandon_acaryatanaya@skiles-hermann.co,female,active
433,Gudakesha Trivedi,gudakesha_trivedi@sauer.net,female,inactive
434,Ms. Vasudeva Trivedi,ms_vasudeva_trivedi@haley.net,male,active
435,Balaaditya Varman,varman_balaaditya@gottlieb-mitchell.net,male,active
436,Suryakanta Guha,suryakanta_guha@hessel.io,female,inactive
437,Mr. Baalaaditya Nambeesan,baalaaditya_mr_nambeesan@becker.com,male,inactive
438,Rupinder Mehra LLD,rupinder_mehra_lld@pagac.biz,female,inactive
439,Akshat Embranthiri,akshat_embranthiri@rippin.info,male,inactive
440,Chandi Shukla,chandi_shukla@kshlerin.io,female,inactive
441,Rep. Aslesha Mahajan,mahajan_rep_aslesha@abernathy-shanahan.org,male,active
442,Lakshmi Kaniyar,lakshmi_kaniyar@shields.biz,female,inactive
443,Gorakhanatha Deshpande,deshpande_gorakhanatha@wiegand-rogahn.org,male,active
444,Lakshmi Tandon,tandon_lakshmi@boyer.name,male,active
445,Krishnadas Nair,krishnadas_nair@hyatt-lemke.com,female,active
446,Suryakanta Agarwal,agarwal_suryakanta@grant.org,female,active
447,Prof. Trisha Varrier,varrier_prof_trisha@schultz.com,male,inactive
448,Sen. Ambar Varman,ambar_sen_varman@schulist.org,male,inactive
449,Samir Verma,samir_verma@parker.com,female,inactive
450,Shwet Namboothiri,namboothiri_shwet@stokes.net,male,active
451,Mohana Dubashi VM,mohana_vm_dubashi@fisher-deckow.info,male,active
452,Miss Atmaja Menon,atmaja_menon_miss@bruen.co,male,inactive
453,Dhanvin Sethi,dhanvin_sethi@krajcik.net,male,active
454,Ravi Kakkar,kakkar_ravi@turner.org,female,active
455,Prema Gandhi,prema_gandhi@strosin.biz,female,active
456,Baala Nayar,baala_nayar@wolff.biz,female,inactive
457,Preity Embranthiri,embranthiri_preity@rodriguez-zboncak.org,female,active
458,Prof. Siddhran Nayar,siddhran_prof_nayar@ernser.com,male,active
459,Atreyee Verma,atreyee_verma@rogahn.co,male,inactive
460,Bhisham Kaur,bhisham_kaur@kshlerin.name,female,active
461,Hiranmay Nambeesan,nambeesan_hiranmay@leuschke-smith.io,male,active
462,Sharmila Kakkar III,kakkar_iii_sharmila@lang.com,male,inactive
463,Geetanjali Mehrotra,geetanjali_mehrotra@emmerich-kulas.io,female,inactive
464,Jagdeep Shah,shah_jagdeep@zemlak.org,female,active
465,Rukhmani Khan,khan_rukhmani@conroy.info,male,active
466,Rep. Baijayanti Bhat,baijayanti_rep_bhat@wilderman.org,female,inactive
467,Vaishno Naik CPA,vaishno_cpa_naik@oconner.net,male,inactive
468,Achalesvara Mehrotra,achalesvara_mehrotra@nader.net,male,inactive
469,Gouranga Pilla,pilla_gouranga@hermiston.io,female,active
470,Atreyi Devar,devar_atreyi@kirlin-purdy.name,male,inactive
471,Msgr. Bhaves Guneta,msgr_guneta_bhaves@hills-nader.io,female,inactive
472,Sloka Patil,sloka_patil@towne-schamberger.info,female,active
473,Rita Nehru,rita_nehru@graham-zemlak.co,female,active
474,Prof. Ekaksh Khanna,khanna_ekaksh_prof@herzog.com,male,inactive
475,Mrs. Buddhana Khanna,buddhana_mrs_khanna@mraz.org,male,inactive
476,Dhananjay Shah,shah_dhananjay@romaguera-stokes.biz,male,active
477,Swarnalata Dubashi,swarnalata_dubashi@ortiz-goyette.net,male,inactive
478,Gov. Aayushman Mehra,aayushman_mehra_gov@little-friesen.org,female,inactive
479,Dinkar Gupta,dinkar_gupta@yundt.info,male,inactive
480,Ashok Acharya,ashok_acharya@king.org,female,active
481,The Hon. Chandran Sethi,the_chandran_sethi_hon@quigley.info,female,active
482,Daksha Pillai,pillai_daksha@aufderhar-crist.name,female,inactive
483,Devdan Deshpande,deshpande_devdan@dooley.co,female,inactive
484,Chidambaram Khan,khan_chidambaram@kulas.org,male,active
485,Mahesh Jha,mahesh_jha@runolfsson-mertz.net,female,inactive
486,Chandrakin Panicker DDS,dds_panicker_chandrakin@lakin-lindgren.net,male,active
487,Pres. Jitender Somayaji,jitender_pres_somayaji@wehner.name,female,inactive
488,Chetan Varrier,chetan_varrier@stamm-kautzer.name,female,active
489,Akshita Achari DDS,akshita_achari_dds@abbott.name,male,active
490,Prof. Yogendra Naik,naik_prof_yogendra@cole-nolan.name,female,active
491,Chetanaanand Reddy,chetanaanand_reddy@rogahn-dicki.io,female,inactive
492,Niranjan Shukla,niranjan_shukla@beier.biz,male,active
493,Daevi Reddy,daevi_reddy@yost-lubowitz.org,female,inactive
494,Gandharva Prajapat,prajapat_gandharva@lehner.co,female,active
495,Akroor Kaniyar,akroor_kaniyar@lehner-parker.info,female,active
496,Bela Nair,bela_nair@schroeder-bogan.net,male,active
497,Kanak Bhattacharya,bhattacharya_kanak@kunde.org,female,inactive
498,Malati Dutta DC,dutta_malati_dc@kuhic.biz,male,inactive
499,Harinarayan Bhat,bhat_harinarayan@schinner-williamson.name,female,inactive
500,Acharyanandana Kocchar,acharyanandana_kocchar@kshlerin.net,female,active
501,Chakor Iyengar Ret.,iyengar_chakor_ret@stracke.net,male,active
502,Ghanaanand Prajapat,ghanaanand_prajapat@vonrueden.io,male,active
503,Ananda Dutta,ananda_dutta@rempel-oreilly.org,male,active
504,Kumar Nair JD,jd_nair_kumar@rempel.org,male,inactive
505,Gov. Nawal Achari,nawal_achari_gov@buckridge.biz,female,inactive
506,Bhadra Mehrotra,mehrotra_bhadra@kuhic.name,female,active
507,Anala Banerjee,banerjee_anala@borer.co,male,active
508,Agasti Kakkar,kakkar_agasti@ziemann.name,female,active
509,Sushil Nair,nair_sushil@larson-wisoky.co,male,active
510,Raj Abbott,abbott_raj@welch.info,male,inactive
511,Parvati Nehru,nehru_parvati@lesch.io,female,active
512,Msgr. Soma Mehrotra,mehrotra_msgr_soma@koch-spinka.co,female,active
513,Gajaadhar Tagore,tagore_gajaadhar@buckridge-streich.biz,male,active
514,Urmila Nehru,nehru_urmila@barrows.info,male,inactive
515,Rajiv Mehra,mehra_rajiv@konopelski-weimann.io,male,inactive
516,Tushar Marar,tushar_marar@tillman-frami.org,male,active
517,Swapnil Jha CPA,cpa_jha_swapnil@rippin.io,female,active
518,Mayoor Bandopadhyay,bandopadhyay_mayoor@mertz.name,female,inactive
519,Akshata Patel,akshata_patel@bechtelar.name,female,inactive
520,Mr. Shakti Johar,shakti_mr_johar@boehm-zboncak.info,female,active
521,Bala Namboothiri Jr.,namboothiri_bala_jr@frami.biz,female,inactive
522,Dhatri Varma,varma_dhatri@pouros.name,female,inactive
523,Avantika Kaniyar CPA,kaniyar_avantika_cpa@becker-schimmel.com,male,inactive
524,Rahul Dhawan DVM,rahul_dhawan_dvm@friesen-goodwin.com,female,inactive
525,Ananta Joshi,ananta_joshi@kiehn.co,female,active
526,Avantika Mukhopadhyay,avantika_mukhopadhyay@hartmann.name,male,inactive
527,Prof. Satish Dubashi,dubashi_prof_satish@oconnell-tremblay.co,female,active
528,Shakti Mehrotra V,v_shakti_mehrotra@bergstrom-jenkins.net,female,active
529,Param Dutta,param_dutta@quitzon.org,female,active
530,Ganesh Singh I,i_singh_ganesh@zemlak-kris.com,male,inactive
531,Dhara Kakkar,dhara_kakkar@altenwerth.org,male,inactive
532,Prof. Charuvrat Saini,charuvrat_prof_saini@douglas-dach.co,male,inactive
533,Lakshmidhar Malik,lakshmidhar_malik@rowe.com,female,active
534,Kirti Ahuja,kirti_ahuja@reynolds.com,female,active
535,Abani Kaul,kaul_abani@kovacek.org,male,inactive
536,Gopi Pilla IV,gopi_pilla_iv@maggio-fahey.io,female,active
537,Chandradev Ahuja,chandradev_ahuja@beer-auer.name,male,active
538,Rev. Chaturaanan Kapoor,chaturaanan_rev_kapoor@emard.info,female,inactive
539,Anilaabh Devar,devar_anilaabh@watsica-hirthe.info,female,active
540,Jaimini Nair DDS,jaimini_dds_nair@breitenberg.co,female,active
541,Deepesh Gandhi,deepesh_gandhi@crooks-vonrueden.biz,female,active
542,Vijay Kapoor,vijay_kapoor@marks-koepp.com,male,active
543,Gouranga Patil,patil_gouranga@luettgen.org,female,active
544,Bela Bharadwaj,bharadwaj_bela@kling.biz,female,inactive
545,Vasudev Malik DO,vasudev_do_malik@heller.biz,male,active
546,Durgeshwari Panicker,durgeshwari_panicker@hartmann-treutel.biz,male,inactive
547,Navin Joshi Jr.,navin_jr_joshi@lowe.info,female,active
548,Amb. Prayag Dubashi,prayag_dubashi_amb@schumm-hartmann.net,male,inactive
549,Pramila Verma,pramila_verma@klein.info,male,inactive
550,Garuda Pothuvaal,pothuvaal_garuda@heathcote-emard.name,female,inactive
551,Dr. Deven Embranthiri,deven_embranthiri_dr@kutch.name,male,active
552,Msgr. Kartik Shah,kartik_shah_msgr@wuckert.info,female,active
553,Aaryan Trivedi,trivedi_aaryan@hartmann.name,female,inactive
554,Chidaakaash Dwivedi,chidaakaash_dwivedi@ebert.com,male,active
555,Adityanandan Dwivedi,dwivedi_adityanandan@strosin.com,female,inactive
556,Navin Kaniyar,kaniyar_navin@langosh.org,female,active
557,Shridevi Agarwal,shridevi_agarwal@schaden-cummerata.co,female,active
558,Ranjeet Sharma,ranjeet_sharma@haag.info,male,inactive
559,Bela Bandopadhyay,bandopadhyay_bela@orn-daniel.io,male,active
560,Akshainie Iyengar,iyengar_akshainie@wintheiser.org,male,inactive
561,Jitendra Trivedi,trivedi_jitendra@schowalter-rowe.info,male,inactive
562,Swara Kakkar,kakkar_swara@lakin-cummerata.co,male,inactive
563,Trilochan Khatri DC,dc_khatri_trilochan@wisoky.name,male,active
564,Birjesh Sethi DO,sethi_birjesh_do@boyer.com,male,inactive
565,Amrit Mehra,mehra_amrit@schoen.name,female,active
566,Brahma Butt,butt_brahma@konopelski.com,male,active
567,Girindra Varrier,girindra_varrier@jacobi.biz,male,inactive
568,Kin Naik DVM,naik_kin_dvm@kiehn.co,male,inactive
569,Bhaswar Mehrotra Sr.,mehrotra_sr_bhaswar@feest-flatley.com,male,active
570,Trilokesh Butt,trilokesh_butt@beahan-hauck.org,female,inactive
571,Vaishno Sharma DO,sharma_do_vaishno@rodriguez-denesik.io,female,inactive
572,Chetan Verma,verma_chetan@kuhic.io,female,active
573,Ayushmati Pothuvaal,pothuvaal_ayushmati@wolf.io,female,active
574,Deepankar Kapoor,kapoor_deepankar@franecki.name,female,inactive
575,Advaya Kaul,advaya_kaul@mante-hayes.org,male,active
576,Trilokanath Kaul,kaul_trilokanath@johnson.name,male,active
577,Rev. Chandradev Sharma,sharma_chandradev_rev@weber-runte.net,male,active
578,Bharadwaj Kakkar PhD,kakkar_bharadwaj_phd@breitenberg.biz,female,active
579,Ghanashyam Rana,ghanashyam_rana@ferry-cruickshank.co,male,active
580,Fr. Himani Mahajan,himani_fr_mahajan@wolff-daniel.biz,male,active
581,Ekadant Kaul,kaul_ekadant@deckow.biz,male,inactive
582,The Hon. Shubha Gandhi,gandhi_shubha_hon_the@cruickshank.org,male,inactive
583,Agrata Jha,jha_agrata@reinger.com,male,inactive
584,Ambar Sinha,ambar_sinha@oconnell-christiansen.io,female,active
585,Mangala Ahluwalia,ahluwalia_mangala@bechtelar.biz,male,active
586,Arnesh Varma,varma_arnesh@senger-stokes.com,female,inactive
587,Amb. Divya Johar,johar_amb_divya@runolfsson-schuppe.biz,female,active
588,Bhamini Prajapat JD,jd_bhamini_prajapat@schulist-pacocha.co,female,inactive
589,Ms. Nirbhay Kakkar,kakkar_nirbhay_ms@koch.biz,male,inactive
590,Manjusha Mehra,manjusha_mehra@effertz.co,female,active
591,Priyala Khanna CPA,priyala_cpa_khanna@rempel.biz,female,active
592,Chandraayan Reddy,chandraayan_reddy@hermiston.net,male,inactive
593,Ambar Pilla,ambar_pilla@emard.info,female,inactive
594,Mrs. Mahesh Patil,patil_mahesh_mrs@roob-prosacco.co,female,active
595,Dr. Kanak Bhattathiri,bhattathiri_kanak_dr@dickinson.co,male,inactive
596,Atmananda Kocchar II,atmananda_ii_kocchar@bahringer.name,male,active
597,Samir Patil,patil_samir@ledner.biz,male,active
598,Krishna Kaul,kaul_krishna@baumbach-sipes.com,female,active
599,Himadri Dutta,himadri_dutta@parker.info,male,active
600,Bhushit Acharya,bhushit_acharya@dooley.io,female,active
601,Adityanandana Jha,adityanandana_jha@mohr.co,female,inactive
602,Kanaka Varman,varman_kanaka@dickinson.biz,male,inactive
603,Chakravartee Khan,chakravartee_khan@berge-jacobi.net,female,inactive
604,Gemine Malik,malik_gemine@hilpert-bruen.com,female,active
605,Brahmabrata Sinha,brahmabrata_sinha@kilback.info,female,inactive
606,Dev Sharma DDS,dds_sharma_dev@schaefer.name,female,active
607,Swarnalata Bhattacharya,bhattacharya_swarnalata@schamberger.io,male,inactive
608,Indira Desai,desai_indira@volkman.net,male,active
609,Hamsini Gupta,hamsini_gupta@armstrong-bins.biz,male,inactive
610,Arindam Sinha,sinha_arindam@bednar.name,female,inactive
611,Baala Gupta,baala_gupta@gleichner.com,male,active
612,Chandira Kakkar VM,chandira_vm_kakkar@ziemann.co,female,active
613,Miss Rajendra Reddy,reddy_miss_rajendra@breitenberg.io,male,active
614,Bhagwati Sharma JD,sharma_jd_bhagwati@weimann-hills.biz,female,active
615,Vimal Pillai,pillai_vimal@leannon-beier.name,female,inactive
616,Atmaja Marar DC,marar_dc_atmaja@fahey.net,male,inactive
617,Nirbhay Trivedi,nirbhay_trivedi@hoeger-cruickshank.info,male,active
618,Miss Bhaves Bharadwaj,miss_bharadwaj_bhaves@von.biz,male,inactive
619,Bhagirathi Mishra,mishra_bhagirathi@mitchell.info,female,active
620,Amb. Vidhya Jha,amb_jha_vidhya@padberg.org,female,active
621,Darshwana Varman,varman_darshwana@bechtelar.com,male,inactive
622,Chandraketu Nayar,chandraketu_nayar@prohaska.io,male,inactive
623,Ms. Chandraketu Trivedi,ms_chandraketu_trivedi@marquardt-gulgowski.name,female,inactive
624,Deeptimoy Bandopadhyay,bandopadhyay_deeptimoy@mohr-lockman.com,female,inactive
625,Dhanu Mehra,dhanu_mehra@effertz-schiller.info,male,inactive
626,Anang Desai,anang_desai@weissnat-schoen.name,female,inactive
627,Dwaipayana Sharma,sharma_dwaipayana@purdy.com,male,active
628,Amb. Shashi Banerjee,banerjee_amb_shashi@ernser.org,female,active
629,Bhasvan Nehru,nehru_bhasvan@schmidt.info,male,active
630,Gopaal Mehrotra,gopaal_mehrotra@lowe-becker.io,male,inactive
631,Amb. Vidhya Pandey,amb_pandey_vidhya@weimann.net,male,inactive
632,Pranay Guneta,guneta_pranay@goyette-zulauf.name,male,inactive
633,Rep. Mohan Menon,menon_mohan_rep@steuber.net,male,inactive
634,Opalina Chopra,opalina_chopra@stark.co,male,inactive
635,Apsara Saini,saini_apsara@reynolds.net,male,inactive
636,Prasad Rana,prasad_rana@schimmel.biz,female,inactive
637,Amb. Adhrit Desai,amb_adhrit_desai@kilback-streich.biz,male,active
638,Sushma Gupta,sushma_gupta@corkery.io,female,inactive
639,Raj Gupta,raj_gupta@huels.net,male,active
640,Deevakar Pandey,deevakar_pandey@herzog.net,male,inactive
641,Smita Kocchar,smita_kocchar@torphy-mayer.info,female,inactive
642,Ms. Shresth Chopra,ms_chopra_shresth@dibbert.co,female,active
643,Amodini Bhattacharya Ret.,ret_bhattacharya_amodini@metz.biz,male,inactive
644,Manik Gowda,gowda_manik@hansen.org,female,active
645,Pres. Anuja Banerjee,anuja_banerjee_pres@hintz.biz,male,active
646,Surya Mahajan MD,surya_mahajan_md@thiel.com,male,active
647,Mohan Iyengar,iyengar_mohan@schaden.name,male,inactive
648,Sen. Susheel Asan,asan_susheel_sen@veum.org,male,inactive
649,Devangana Ahuja,ahuja_devangana@greenholt.org,female,inactive
650,Dulari Prajapat,prajapat_dulari@hilll.io,female,inactive
651,Rohit Guha,guha_rohit@corkery.co,female,inactive
652,Achintya Marar,achintya_marar@ratke.biz,male,inactive
653,Dipendra Sethi,sethi_dipendra@brakus-smith.co,male,active
654,Mr. Deenabandhu Agarwal,mr_deenabandhu_agarwal@renner.biz,male,active
655,Shanti Shah,shanti_shah@deckow.com,female,active
656,Bhoopat Pandey,pandey_bhoopat@streich-yundt.net,female,active
657,Sanka Pothuvaal,sanka_pothuvaal@damore-becker.com,female,active
658,Rep. Damayanti Bhat,damayanti_bhat_rep@hilpert.biz,female,inactive
659,Kannen Sinha IV,sinha_iv_kannen@tremblay.net,male,active
660,Bhadraksh Marar,marar_bhadraksh@lindgren.biz,female,active
661,Jyotsana Pothuvaal,jyotsana_pothuvaal@larson.name,female,inactive
662,Bhushit Tagore,tagore_bhushit@johnson-kshlerin.io,male,active
663,Deeptimoy Mishra,deeptimoy_mishra@pollich.info,male,active
664,Dhyaneshwar Tandon,dhyaneshwar_tandon@bechtelar.co,male,inactive
665,Govinda Singh,singh_govinda@terry.org,female,inactive
667,Prof. Smriti Menon,smriti_menon_prof@king.info,male,inactive
668,Ms. Ghanshyam Gupta,ghanshyam_ms_gupta@reinger.io,female,active
669,Laal Marar,marar_laal@grimes.co,male,active
670,Ganaka Khatri,ganaka_khatri@gulgowski-schmidt.info,female,inactive
671,Leela Abbott,abbott_leela@durgan.com,female,inactive
672,Pres. Dwaipayan Johar,johar_dwaipayan_pres@mckenzie-walker.info,female,inactive
673,Gautam Gowda,gowda_gautam@lueilwitz.name,male,inactive
674,Meghnad Naik,naik_meghnad@schinner.name,male,active
675,Anala Sethi,sethi_anala@schuppe-okeefe.biz,male,active
676,Darshwana Bhat IV,darshwana_bhat_iv@price.net,female,active
677,Trilokanath Verma,trilokanath_verma@runte.biz,male,active
678,Gov. Balachandra Malik,gov_balachandra_malik@bernhard.biz,male,inactive
679,Diksha Trivedi DVM,diksha_trivedi_dvm@bosco.info,male,inactive
680,Anal Ganaka,ganaka_anal@gleichner.io,female,inactive
681,Ravi Ahluwalia,ravi_ahluwalia@champlin-osinski.biz,female,active
682,Karthik Khan,khan_karthik@stehr.org,female,inactive
683,Tanushree Nair,nair_tanushree@howell-mohr.io,female,inactive
684,Dinkar Marar,dinkar_marar@walsh.com,female,active
685,Swami Ahluwalia Jr.,swami_ahluwalia_jr@nitzsche.co,female,inactive
686,Rati Kaniyar,kaniyar_rati@russel-sanford.org,female,inactive
687,Mohini Trivedi,trivedi_mohini@corkery.net,female,active
688,Leela Abbott,abbott_leela@rohan-nolan.name,male,active
689,Aasha Sinha,aasha_sinha@murphy.com,female,active
690,Jitender Tagore,tagore_jitender@sanford.co,female,inactive
691,Msgr. Avantika Khatri,avantika_msgr_khatri@schimmel.name,female,inactive
692,Mani Nayar,mani_nayar@hegmann.name,male,inactive
693,Agrata Khanna Sr.,khanna_agrata_sr@johnston.com,male,active
694,Vedanga Johar,johar_vedanga@bechtelar.io,female,active
695,Dharitri Johar,dharitri_johar@bruen.info,male,active
696,Dhananjay Achari,dhananjay_achari@bahringer.io,male,active
697,Lakshmidhar Naik,lakshmidhar_naik@parisian.org,male,active
698,Chapal Varma,varma_chapal@price.com,male,active
699,Jahnu Verma,jahnu_verma@funk-sanford.net,male,active
700,Devika Trivedi,devika_trivedi@nienow-mitchell.net,male,inactive
701,Subhash Nehru,nehru_subhash@ziemann.name,male,active
702,Lavanya Malik,lavanya_malik@satterfield-pfannerstill.name,female,active
703,Dhananjay Kakkar I,i_dhananjay_kakkar@gerlach-moore.com,female,inactive
704,Eshana Panicker,panicker_eshana@kovacek.name,male,active
705,Mrs. Rameshwar Kaur,rameshwar_kaur_mrs@jacobi.info,female,active
706,Baijayanti Guha Esq.,guha_baijayanti_esq@oconnell-kuhlman.info,male,active
707,Gopi Chaturvedi Jr.,chaturvedi_gopi_jr@blick.org,male,inactive
708,Aagney Desai,aagney_desai@schmeler.info,female,active
709,Rev. Agnivesh Pilla,agnivesh_rev_pilla@okuneva-gutkowski.info,male,inactive
710,The Hon. Tej Joshi,tej_joshi_hon_the@kuphal.co,male,active
711,Suresh Kaul,suresh_kaul@reichel.com,male,inactive
712,Subhash Pilla,subhash_pilla@hilll.org,female,inactive
713,Anamika Chopra Sr.,sr_chopra_anamika@shields-walter.io,female,active
714,Dulari Guneta Ret.,dulari_ret_guneta@gulgowski-stanton.com,male,active
715,Tarun Pothuvaal,tarun_pothuvaal@brekke.com,male,inactive
716,Lalita Namboothiri,namboothiri_lalita@schneider.biz,female,inactive
717,Rep. Chaturbhuj Shah,rep_chaturbhuj_shah@hermann-fisher.name,female,inactive
718,Ajeet Trivedi,trivedi_ajeet@harris.info,male,inactive
719,Himadri Naik,naik_himadri@grant.name,female,inactive
720,Fr. Bhilangana Tagore,tagore_bhilangana_fr@zulauf.io,male,inactive
721,Pres. Shiv Kakkar,kakkar_pres_shiv@mohr-tromp.org,female,active
722,Ashok Dwivedi DDS,dwivedi_ashok_dds@auer.co,male,inactive
723,Aalok Bhattathiri,aalok_bhattathiri@ondricka-schaden.io,male,active
724,Gov. Ojaswini Patil,gov_ojaswini_patil@brown.name,male,inactive
725,Priyala Dubashi,dubashi_priyala@grady.name,male,active
726,Devdan Singh,devdan_singh@wisozk.info,male,inactive
727,Brahmaanand Guneta,brahmaanand_guneta@ortiz.net,male,active
728,Akshat Bhat,bhat_akshat@schinner.org,male,active
729,Anal Kaniyar,kaniyar_anal@ledner.info,male,active
730,Suma Dubashi,suma_dubashi@torphy-harris.biz,female,inactive
731,Shridevi Kaniyar,kaniyar_shridevi@harris-mann.biz,female,active
732,Amrita Sinha,sinha_amrita@parker.name,female,inactive
733,Rudra Johar,johar_rudra@langworth-volkman.com,female,active
734,Chidaakaash Embranthiri,embranthiri_chidaakaash@krajcik.info,male,active
735,Digambar Gupta I,i_digambar_gupta@yost.io,female,inactive
736,Bhisham Shukla,shukla_bhisham@konopelski-gutmann.biz,male,inactive
737,Ms. Mangala Rana,mangala_rana_ms@reinger-west.io,female,inactive
738,Shresthi Gupta,shresthi_gupta@streich.biz,female,inactive
739,Deeptendu Sethi,deeptendu_sethi@mcclure-keeling.com,male,inactive
740,Anandamayi Bandopadhyay DO,do_anandamayi_bandopadhyay@tillman-batz.net,female,inactive
741,Ekalavya Tagore,tagore_ekalavya@kirlin.co,male,active
742,Marut Sharma CPA,cpa_marut_sharma@ullrich.net,female,active
743,Mohana Pillai,mohana_pillai@bashirian.net,female,inactive
744,Mr. Anusuya Varma,mr_varma_anusuya@bergstrom.name,male,inactive
745,Bhadraksh Kaur,kaur_bhadraksh@senger-boyle.biz,male,inactive
746,Mohan Nair,mohan_nair@kozey.org,male,active
747,Javas Naik,naik_javas@kulas.name,male,active
748,Gitanjali Prajapat Sr.,prajapat_sr_gitanjali@johnson-marquardt.com,male,active
749,Baidehi Abbott,baidehi_abbott@gutkowski.com,male,active
750,Vedanga Nehru,vedanga_nehru@legros.info,female,inactive
751,Siddhran Gowda,gowda_siddhran@dickens-quigley.org,female,active
752,Shashi Kaniyar,kaniyar_shashi@bechtelar.name,female,inactive
753,Kashyap Banerjee,kashyap_banerjee@watsica.io,male,inactive
754,Kumuda Pilla,kumuda_pilla@kulas.org,female,active
755,Chandraswaroopa Adiga,adiga_chandraswaroopa@franecki.org,male,inactive
756,Vaishvi Kaniyar,kaniyar_vaishvi@morar.org,male,inactive
757,Acharyanandana Iyer,iyer_acharyanandana@robel.info,male,active
758,Sanjay Kaur,sanjay_kaur@schinner.info,male,inactive
759,Kama Verma,verma_kama@ondricka.net,male,inactive
760,Mangala Agarwal,agarwal_mangala@stanton-smitham.info,female,inactive
761,Amb. Indira Banerjee,amb_banerjee_indira@wolf.biz,male,inactive
762,Dinkar Kaul,kaul_dinkar@conroy.name,male,active
763,Sarla Adiga,sarla_adiga@fritsch.biz,male,active
764,Kanti Johar,kanti_johar@predovic.com,male,active
765,Urmila Asan,asan_urmila@aufderhar-leuschke.biz,female,inactive
766,Rajendra Mehra,rajendra_mehra@jacobs.info,female,inactive
767,Dhanvin Kakkar PhD,dhanvin_kakkar_phd@vonrueden.com,female,inactive
768,Baidehi Rana DO,rana_baidehi_do@gorczany.org,female,inactive
769,Rameshwar Butt III,butt_rameshwar_iii@schamberger-boyer.name,male,inactive
770,Bhadrak Butt,butt_bhadrak@romaguera.biz,male,inactive
771,Chinmayananda Embranthiri,embranthiri_chinmayananda@halvorson.co,female,inactive
772,Mahendra Iyengar,iyengar_mahendra@hirthe.io,female,active
773,Kamala Varman,kamala_varman@herman.name,male,active
774,Gautama Prajapat,gautama_prajapat@kutch.io,female,inactive
775,Rajiv Rana,rajiv_rana@kunze.io,female,active
776,Daksha Khanna,daksha_khanna@ratke.co,male,inactive
777,Deeptimayee Verma,verma_deeptimayee@schmitt-harris.org,male,inactive
778,Mr. Vedanshi Achari,achari_vedanshi_mr@ortiz.com,male,active
779,Akshita Rana,akshita_rana@erdman.co,female,inactive
780,Prof. Amaranaath Johar,johar_prof_amaranaath@collier.org,male,inactive
781,Hiranya Rana,rana_hiranya@fisher-denesik.biz,male,inactive
782,Gautam Bhattathiri LLD,bhattathiri_gautam_lld@mckenzie.com,female,inactive
783,Divaakar Dhawan,dhawan_divaakar@ebert-mcclure.co,female,active
784,Dr. Daksha Iyer,iyer_daksha_dr@johnson.org,female,active
785,Swami Gowda,swami_gowda@towne.name,male,inactive
786,Satyen Varrier,varrier_satyen@stiedemann.com,male,active
787,Dhanu Mehrotra CPA,mehrotra_cpa_dhanu@bergstrom.co,female,active
788,Shantanu Pandey,shantanu_pandey@macejkovic-haley.com,male,inactive
789,Aayushman Deshpande,deshpande_aayushman@osinski-sanford.com,female,active
790,The Hon. Vaijayanti Abbott,vaijayanti_hon_abbott_the@powlowski-dach.net,female,active
791,Bhagwanti Nair II,ii_nair_bhagwanti@dicki.biz,female,inactive
792,Amish Deshpande,deshpande_amish@bednar.biz,male,inactive
793,Brahmaanand Namboothiri,namboothiri_brahmaanand@kunze.org,female,inactive
794,Gopi Prajapat,prajapat_gopi@bechtelar-gleason.biz,male,inactive
795,Gov. Ekaksh Trivedi,trivedi_gov_ekaksh@altenwerth.info,male,active
796,Anamika Mehra JD,jd_mehra_anamika@weissnat-torp.com,female,active
797,Nirbhay Gill,nirbhay_gill@runte.com,male,inactive
798,Charak Rana,rana_charak@bartoletti-lueilwitz.org,female,inactive
799,Dr. Bhoopat Chopra,bhoopat_chopra_dr@mcglynn-schneider.name,female,inactive
72,Sen. Mani Menon,mani_sen_menon@rippin.co,female,inactive
